--AUDIENCES
sel *  FROM UNICA_TEMP.XMP_AUDIENCE;
INSERT INTO UNICA_TEMP.XMP_AUDIENCE VALUES	(210,'DE_FAMILY_MEN_RALLY_SEED',77,61,10,'FAMILY_MEN_RALLY','N','2019-11-05','2099-12-31'); 

​
--SEGMENTS
sel *   FROM UNICA_TEMP.XMP_SEGMENT where aud_id=220
INSERT INTO UNICA_TEMP.XMP_SEGMENT VALUES	(210,2120,'FM_RALLY_SEED','FAMILY_MEN_RALLY_SEED',411,10,'FAMILY_MEN_RALLY',	'N','2019-11-05','2099-12-31'); 



SELECT * FROM UNICA_TEMP.XMP_MESSAGE
--MESSAGES
DELETE FROM UNICA_TEMP.XMP_MESSAGE where MSG_ID=20090;
INSERT INTO UNICA_TEMP.XMP_MESSAGE VALUES	(20010,'DE_FM001_MAIN',NULL,9999,'2019-10-10','2099-12-31'); 
INSERT	INTO UNICA_TEMP.XMP_MESSAGE VALUES	(20020,'DE_FM002_REW_NO',NULL,9999,'2019-10-10','2099-12-31'); 
INSERT	INTO UNICA_TEMP.XMP_MESSAGE VALUES	(20030,'DE_FM003_REW_YES_BELOW200',NULL,9999,'2019-10-10','2099-12-31'); 
INSERT	INTO UNICA_TEMP.XMP_MESSAGE VALUES	(20040,'DE_FM004_REW_YES_ABOVE200',NULL,9999,'2019-10-10','2099-12-31'); 
INSERT	INTO UNICA_TEMP.XMP_MESSAGE VALUES	(20050,'DE_FM005_SPEND_STRETCH',NULL,9999,'2019-10-10','2099-12-31'); 
INSERT	INTO UNICA_TEMP.XMP_MESSAGE VALUES	(20060,'DE_FM006_INVENTORY_PLUS',NULL,9999,'2019-10-10','2099-12-31');
INSERT     INTO UNICA_TEMP.XMP_MESSAGE VALUES (20070,'DE_FM007_INVENTORY_EVERYDAY',NULL,9999,'2019-10-10','2099-12-31'); 
INSERT	INTO UNICA_TEMP.XMP_MESSAGE VALUES	(20080,'DE_FM008_MICRO_CAR_PARTS',NULL,9999,'2019-10-10','2099-12-31'); 
INSERT	INTO UNICA_TEMP.XMP_MESSAGE VALUES	(20090,'DE_FM009_MICRO_HOME_GARDEN',NULL,9999,'2019-10-10','2099-12-31'); 
INSERT	INTO UNICA_TEMP.XMP_MESSAGE VALUES	(20100,'DE_FM010_MICRO_ELECTRONICS',NULL,9999,'2019-10-10','2099-12-31'); 
INSERT	INTO UNICA_TEMP.XMP_MESSAGE VALUES	(20110,'DE_FM011_MIRO_FALLBACK',NULL,9999,'2019-10-10','2099-12-31'); 
INSERT	INTO UNICA_TEMP.XMP_MESSAGE VALUES	(20120,'DE_FM012_EBAY_PLUS',NULL,9999,'2019-10-10','2099-12-31');
INSERT	INTO UNICA_TEMP.XMP_MESSAGE VALUES	(20140,'DE_FM014_SPEND_STRETCH',NULL,9999,'2019-11-10','2099-12-31'); 
INSERT	INTO UNICA_TEMP.XMP_MESSAGE VALUES	(20150,'DE_FM015_SPEND_STRETCH',NULL,9999,'2019-11-10','2099-12-31');
INSERT	INTO UNICA_TEMP.XMP_MESSAGE VALUES	(20160,'DE_FM016_XMAS_GIFTS_INSPIRATION',NULL,9999,'2019-12-02','2099-12-31');
INSERT	INTO UNICA_TEMP.XMP_MESSAGE VALUES	(20170,'DE_FM017_SPEND_STRETCH_GENERIC',NULL,9999,'2019-12-10','2099-12-31'); 
INSERT	INTO UNICA_TEMP.XMP_MESSAGE VALUES	(20180,'DE_FM018_SPEND_STRETCH_PA',NULL,9999,'2019-12-10','2099-12-31');
INSERT	INTO UNICA_TEMP.XMP_MESSAGE VALUES	(20190,'DE_FM019_SPEND_STRETCH_HG',NULL,9999,'2019-12-10','2099-12-31');

--RALLY
INSERT INTO UNICA_TEMP.XMP_MESSAGE VALUES	(20005,'DE_FM_RALLY001_OPTIN_150_INTRO',NULL,9999,'2019-11-05','2099-12-31'); 
INSERT	INTO UNICA_TEMP.XMP_MESSAGE VALUES	(20015,'DE_FM_RALLY002_OPTIN_999_INTRO',NULL,9999,'2019-11-05','2099-12-31'); 
INSERT	INTO UNICA_TEMP.XMP_MESSAGE VALUES	(20025,'DE_FM_RALLY003_OPTIN_1000_INTRO',NULL,9999,'2019-11-05','2099-12-31'); 
INSERT	INTO UNICA_TEMP.XMP_MESSAGE VALUES	(20035,'DE_FM_RALLY004_0_INTRO',NULL,9999,'2019-11-05','2099-12-31'); 
INSERT	INTO UNICA_TEMP.XMP_MESSAGE VALUES	(20045,'DE_FM_RALLY005_POINTS_INTRO',NULL,9999,'2019-11-05','2099-12-31'); 
INSERT	INTO UNICA_TEMP.XMP_MESSAGE VALUES	(20055,'DE_FM_RALLY006_OPTIN_150_TURBOPOINTS',NULL,9999,'2019-11-05','2099-12-31');
INSERT     INTO UNICA_TEMP.XMP_MESSAGE VALUES (20065,'DE_FM_RALLY007_OPTIN_199_TURBOPOINTS',NULL,9999,'2019-11-05','2099-12-31'); 
INSERT	INTO UNICA_TEMP.XMP_MESSAGE VALUES	(20075,'DE_FM_RALLY008_OPTIN_299_TURBOPOINTS',NULL,9999,'2019-11-05','2099-12-31'); 
INSERT	INTO UNICA_TEMP.XMP_MESSAGE VALUES	(20085,'DE_FM_RALLY009_OPTIN_499TURBOPOINTS',NULL,9999,'2019-11-05','2099-12-31'); 
INSERT	INTO UNICA_TEMP.XMP_MESSAGE VALUES	(20095,'DE_FM_RALLY010_OPTIN_999_TURBOPOINTS',NULL,9999,'2019-11-05','2099-12-31'); 
INSERT	INTO UNICA_TEMP.XMP_MESSAGE VALUES	(20105,'DE_FM_RALLY011_OPTIN_1000_TURBOPOINTS',NULL,9999,'2019-11-05','2099-12-31'); 
INSERT	INTO UNICA_TEMP.XMP_MESSAGE VALUES	(20115,'DE_FM_RALLY012_0_TURBOPOINTS',NULL,9999,'2019-11-05','2099-12-31');
INSERT	INTO UNICA_TEMP.XMP_MESSAGE VALUES	(20125,'DE_FM_RALLY013_150_TURBOPOINTS',NULL,9999,'2019-11-05','2099-12-31');
INSERT     INTO UNICA_TEMP.XMP_MESSAGE VALUES (20135,'DE_FM_RALLY014_199_TURBOPOINTS',NULL,9999,'2019-11-05','2099-12-31'); 
INSERT	INTO UNICA_TEMP.XMP_MESSAGE VALUES	(20145,'DE_FM_RALLY015_299_TURBOPOINTS',NULL,9999,'2019-11-05','2099-12-31'); 
INSERT	INTO UNICA_TEMP.XMP_MESSAGE VALUES	(20155,'DE_FM_RALLY016_499_TURBOPOINTS',NULL,9999,'2019-11-05','2099-12-31'); 
INSERT	INTO UNICA_TEMP.XMP_MESSAGE VALUES	(20165,'DE_FM_RALLY017_999_TURBOPOINTS',NULL,9999,'2019-11-05','2099-12-31'); 
INSERT	INTO UNICA_TEMP.XMP_MESSAGE VALUES	(20175,'DE_FM_RALLY018_1000_TURBOPOINTS',NULL,9999,'2019-11-05','2099-12-31'); 
INSERT	INTO UNICA_TEMP.XMP_MESSAGE VALUES	(20185,'DE_FM_RALLY019_EVENTS_MODUL',NULL,9999,'2019-11-05','2099-12-31');


CREATE MULTISET TABLE UNICA_TEMP.DE_FM_MESSAGE_PLACEMENT ,NO FALLBACK ,
     NO BEFORE JOURNAL,
     NO AFTER JOURNAL,
     CHECKSUM = DEFAULT,
     DEFAULT MERGEBLOCKRATIO
     (
      MSG_ID INTEGER NOT NULL,
	HERO_MESSAGE_YN VARCHAR(1) CHARACTER SET LATIN NOT CASESPECIFIC NOT NULL,
	MESSAGE2_YN VARCHAR(1) CHARACTER SET LATIN NOT CASESPECIFIC NOT NULL,
	MESSAGE3_YN VARCHAR(1) CHARACTER SET LATIN NOT CASESPECIFIC NOT NULL,
	MESSAGE4_YN VARCHAR(1) CHARACTER SET LATIN NOT CASESPECIFIC NOT NULL,
	MESSAGE5_YN VARCHAR(1) CHARACTER SET LATIN NOT CASESPECIFIC NOT NULL,
	MESSAGE6_YN VARCHAR(1) CHARACTER SET LATIN NOT CASESPECIFIC NOT NULL,
	START_DATE DATE FORMAT 'YYYY-MM-DD' NOT NULL DEFAULT DATE ,
      END_DATE DATE FORMAT 'YYYY-MM-DD' NOT NULL DEFAULT DATE '2099-12-31',
	PRIMARY KEY ( MSG_ID ,START_DATE )
	)
UNIQUE PRIMARY INDEX ( MSG_ID ,START_DATE )
INDEX ( MSG_ID )
UNIQUE INDEX ( MSG_ID ,END_DATE );
--MESSAGE PLACEMENTS
SEL *  FROM UNICA_TEMP.DE_FM_MESSAGE_PLACEMENT;
INSERT     INTO UNICA_TEMP.DE_FM_MESSAGE_PLACEMENT VALUES (20010,'Y','N','N','N','N','N','2019-10-10','2099-12-31'); 
INSERT	INTO UNICA_TEMP.DE_FM_MESSAGE_PLACEMENT VALUES	(20020,'N','Y','N','N','N','N','2019-10-10','2099-12-31'); 
INSERT	INTO UNICA_TEMP.DE_FM_MESSAGE_PLACEMENT VALUES	(20030,'N','Y','N','N','N','N','2019-10-10','2099-12-31'); 
INSERT	INTO UNICA_TEMP.DE_FM_MESSAGE_PLACEMENT VALUES	(20040,'N','Y','N','N','N','N','2019-10-10','2099-12-31'); 
INSERT	INTO UNICA_TEMP.DE_FM_MESSAGE_PLACEMENT VALUES	(20050,'N','N','Y','N','N','N','2019-10-10','2099-12-31'); 
INSERT	INTO UNICA_TEMP.DE_FM_MESSAGE_PLACEMENT VALUES	(20060,'N','N','N','Y','N','N','2019-10-10','2099-12-31');
INSERT	INTO UNICA_TEMP.DE_FM_MESSAGE_PLACEMENT VALUES	(20070,'N','N','N','Y','N','N','2019-10-10','2099-12-31'); 
INSERT	INTO UNICA_TEMP.DE_FM_MESSAGE_PLACEMENT VALUES	(20080,'N','N','N','N','Y','N','2019-10-10','2099-12-31'); 
INSERT	INTO UNICA_TEMP.DE_FM_MESSAGE_PLACEMENT VALUES	(20090,'N','N','N','N','Y','N','2019-10-10','2099-12-31'); 
INSERT	INTO UNICA_TEMP.DE_FM_MESSAGE_PLACEMENT VALUES	(20100,'N','N','N','N','Y','N','2019-10-10','2099-12-31'); 
INSERT	INTO UNICA_TEMP.DE_FM_MESSAGE_PLACEMENT VALUES	(20110,'N','N','N','N','Y','N','2019-10-10','2099-12-31'); 
INSERT	INTO UNICA_TEMP.DE_FM_MESSAGE_PLACEMENT VALUES	(20120,'N','N','N','N','N','Y','2019-10-10','2099-12-31'); 
INSERT	INTO UNICA_TEMP.DE_FM_MESSAGE_PLACEMENT VALUES	(20140,'N','N','Y','N','N','N','2019-11-10','2099-12-31'); 
INSERT	INTO UNICA_TEMP.DE_FM_MESSAGE_PLACEMENT VALUES	(20150,'N','N','Y','N','N','N','2019-11-10','2099-12-31'); 
INSERT	INTO UNICA_TEMP.DE_FM_MESSAGE_PLACEMENT VALUES	(20160,'N','N','Y','N','N','N','2019-12-02','2099-12-31'); 
INSERT	INTO UNICA_TEMP.DE_FM_MESSAGE_PLACEMENT VALUES	(20170,'N','N','Y','N','N','N','2019-12-10','2099-12-31'); 
INSERT	INTO UNICA_TEMP.DE_FM_MESSAGE_PLACEMENT VALUES	(20180,'N','N','Y','N','N','N','2019-12-10','2099-12-31'); 
INSERT	INTO UNICA_TEMP.DE_FM_MESSAGE_PLACEMENT VALUES	(20190,'N','N','Y','N','N','N','2019-12-10','2099-12-31'); 

INSERT     INTO UNICA_TEMP.DE_FM_MESSAGE_PLACEMENT VALUES (20005,'Y','N','N','N','N','N','2019-11-10','2099-12-31'); 
INSERT     INTO UNICA_TEMP.DE_FM_MESSAGE_PLACEMENT VALUES (20015,'Y','N','N','N','N','N','2019-11-10','2099-12-31'); 
INSERT	INTO UNICA_TEMP.DE_FM_MESSAGE_PLACEMENT VALUES	(20025,'Y','N','N','N','N','N','2019-11-10','2099-12-31'); 
INSERT	INTO UNICA_TEMP.DE_FM_MESSAGE_PLACEMENT VALUES	(20035,'Y','N','N','N','N','N','2019-11-10','2099-12-31'); 
INSERT	INTO UNICA_TEMP.DE_FM_MESSAGE_PLACEMENT VALUES	(20045,'Y','N','N','N','N','N','2019-11-10','2099-12-31'); 
INSERT	INTO UNICA_TEMP.DE_FM_MESSAGE_PLACEMENT VALUES	(20055,'N','Y','N','N','N','N','2019-11-10','2099-12-31'); 
INSERT	INTO UNICA_TEMP.DE_FM_MESSAGE_PLACEMENT VALUES	(20065,'N','Y','N','N','N','N','2019-11-10','2099-12-31');
INSERT	INTO UNICA_TEMP.DE_FM_MESSAGE_PLACEMENT VALUES	(20075,'N','Y','N','N','N','N','2019-11-10','2099-12-31'); 
INSERT	INTO UNICA_TEMP.DE_FM_MESSAGE_PLACEMENT VALUES	(20085,'N','Y','N','N','N','N','2019-11-10','2099-12-31'); 
INSERT	INTO UNICA_TEMP.DE_FM_MESSAGE_PLACEMENT VALUES	(20095,'N','Y','N','N','N','N','2019-11-10','2099-12-31'); 
INSERT	INTO UNICA_TEMP.DE_FM_MESSAGE_PLACEMENT VALUES	(20105,'N','Y','N','N','N','N','2019-11-10','2099-12-31'); 
INSERT	INTO UNICA_TEMP.DE_FM_MESSAGE_PLACEMENT VALUES	(20115,'N','Y','N','N','N','N','2019-11-10','2099-12-31'); 
INSERT	INTO UNICA_TEMP.DE_FM_MESSAGE_PLACEMENT VALUES	(20125,'N','Y','N','N','N','N','2019-11-10','2099-12-31'); 
INSERT	INTO UNICA_TEMP.DE_FM_MESSAGE_PLACEMENT VALUES	(20135,'N','Y','N','N','N','N','2019-11-10','2099-12-31'); 
INSERT	INTO UNICA_TEMP.DE_FM_MESSAGE_PLACEMENT VALUES	(20145,'N','Y','N','N','N','N','2019-11-10','2099-12-31'); 
INSERT	INTO UNICA_TEMP.DE_FM_MESSAGE_PLACEMENT VALUES	(20155,'N','Y','N','N','N','N','2019-11-10','2099-12-31'); 
INSERT	INTO UNICA_TEMP.DE_FM_MESSAGE_PLACEMENT VALUES	(20165,'N','Y','N','N','N','N','2019-11-10','2099-12-31');
INSERT	INTO UNICA_TEMP.DE_FM_MESSAGE_PLACEMENT VALUES	(20175,'N','Y','N','N','N','N','2019-11-10','2099-12-31'); 
INSERT	INTO UNICA_TEMP.DE_FM_MESSAGE_PLACEMENT VALUES	(20185,'N','N','Y','N','N','N','2019-11-10','2099-12-31'); 

--MESSAGE CHANNELS
SEL *  FROM UNICA_TEMP.XMP_MESSAGE_CHANNEL;
INSERT INTO UNICA_TEMP.XMP_MESSAGE_CHANNEL VALUES	(20010,'Y','Y','N','N','2019-10-10','2099-12-31'); 
INSERT	INTO UNICA_TEMP.XMP_MESSAGE_CHANNEL VALUES	(20020,'Y','Y','N','N','2019-10-10','2099-12-31'); 
INSERT	INTO UNICA_TEMP.XMP_MESSAGE_CHANNEL VALUES	(20030,'Y','Y','N','N','2019-10-10','2099-12-31'); 
INSERT	INTO UNICA_TEMP.XMP_MESSAGE_CHANNEL VALUES	(20040,'Y','Y','N','N','2019-10-10','2099-12-31'); 
INSERT	INTO UNICA_TEMP.XMP_MESSAGE_CHANNEL VALUES	(20050,'Y','Y','N','N','2019-10-10','2099-12-31'); 
INSERT	INTO UNICA_TEMP.XMP_MESSAGE_CHANNEL VALUES	(20060,'Y','Y','N','N','2019-10-10','2099-12-31');
INSERT	INTO UNICA_TEMP.XMP_MESSAGE_CHANNEL VALUES	(20070,'Y','Y','N','N','2019-10-10','2099-12-31'); 
INSERT	INTO UNICA_TEMP.XMP_MESSAGE_CHANNEL VALUES	(20080,'Y','Y','N','N','2019-10-10','2099-12-31'); 
INSERT	INTO UNICA_TEMP.XMP_MESSAGE_CHANNEL VALUES	(20090,'Y','Y','N','N','2019-10-10','2099-12-31'); 
INSERT	INTO UNICA_TEMP.XMP_MESSAGE_CHANNEL VALUES	(20100,'Y','Y','N','N','2019-10-10','2099-12-31');
INSERT	INTO UNICA_TEMP.XMP_MESSAGE_CHANNEL VALUES	(20110,'Y','Y','N','N','2019-10-10','2099-12-31'); 
INSERT	INTO UNICA_TEMP.XMP_MESSAGE_CHANNEL VALUES	(20120,'Y','Y','N','N','2019-10-10','2099-12-31'); \
INSERT	INTO UNICA_TEMP.XMP_MESSAGE_CHANNEL VALUES	(20140,'Y','Y','N','N','2019-11-10','2099-12-31'); 
INSERT	INTO UNICA_TEMP.XMP_MESSAGE_CHANNEL VALUES	(20150,'Y','Y','N','N','2019-11-10','2099-12-31'); 
INSERT	INTO UNICA_TEMP.XMP_MESSAGE_CHANNEL VALUES	(20160,'Y','Y','N','N','2019-12-02','2099-12-31'); 
INSERT	INTO UNICA_TEMP.XMP_MESSAGE_CHANNEL VALUES	(20170,'Y','Y','N','N','2019-12-10','2099-12-31'); 
INSERT	INTO UNICA_TEMP.XMP_MESSAGE_CHANNEL VALUES	(20180,'Y','Y','N','N','2019-12-10','2099-12-31'); 
INSERT	INTO UNICA_TEMP.XMP_MESSAGE_CHANNEL VALUES	(20190,'Y','Y','N','N','2019-12-10','2099-12-31'); 

INSERT     INTO UNICA_TEMP.XMP_MESSAGE_CHANNEL VALUES (20005,'Y','Y','N','N','2019-11-10','2099-12-31'); 
INSERT     INTO UNICA_TEMP.XMP_MESSAGE_CHANNEL VALUES (20015,'Y','Y','N','N','2019-11-10','2099-12-31'); 
INSERT	INTO UNICA_TEMP.XMP_MESSAGE_CHANNEL VALUES	(20025,'Y','Y','N','N','2019-11-10','2099-12-31'); 
INSERT	INTO UNICA_TEMP.XMP_MESSAGE_CHANNEL VALUES	(20035,'Y','Y','N','N','2019-11-10','2099-12-31'); 
INSERT	INTO UNICA_TEMP.XMP_MESSAGE_CHANNEL VALUES	(20045,'Y','Y','N','N','2019-11-10','2099-12-31'); 
INSERT	INTO UNICA_TEMP.XMP_MESSAGE_CHANNEL VALUES	(20055,'Y','Y','N','N','2019-11-10','2099-12-31'); 
INSERT	INTO UNICA_TEMP.XMP_MESSAGE_CHANNEL VALUES	(20065,'Y','Y','N','N','2019-11-10','2099-12-31'); 
INSERT	INTO UNICA_TEMP.XMP_MESSAGE_CHANNEL VALUES	(20075,'Y','Y','N','N','2019-11-10','2099-12-31'); 
INSERT	INTO UNICA_TEMP.XMP_MESSAGE_CHANNEL VALUES	(20085,'Y','Y','N','N','2019-11-10','2099-12-31'); 
INSERT	INTO UNICA_TEMP.XMP_MESSAGE_CHANNEL VALUES	(20095,'Y','Y','N','N','2019-11-10','2099-12-31'); 
INSERT	INTO UNICA_TEMP.XMP_MESSAGE_CHANNEL VALUES	(20105,'Y','Y','N','N','2019-11-10','2099-12-31'); 
INSERT	INTO UNICA_TEMP.XMP_MESSAGE_CHANNEL VALUES	(20115,'Y','Y','N','N','2019-11-10','2099-12-31'); 
INSERT	INTO UNICA_TEMP.XMP_MESSAGE_CHANNEL VALUES	(20125,'Y','Y','N','N','2019-11-10','2099-12-31'); 
INSERT	INTO UNICA_TEMP.XMP_MESSAGE_CHANNEL VALUES	(20135,'Y','Y','N','N','2019-11-10','2099-12-31'); 
INSERT	INTO UNICA_TEMP.XMP_MESSAGE_CHANNEL VALUES	(20145,'Y','Y','N','N','2019-11-10','2099-12-31'); 
INSERT	INTO UNICA_TEMP.XMP_MESSAGE_CHANNEL VALUES	(20155,'Y','Y','N','N','2019-11-10','2099-12-31'); 
INSERT	INTO UNICA_TEMP.XMP_MESSAGE_CHANNEL VALUES	(20165,'Y','Y','N','N','2019-11-10','2099-12-31'); 
INSERT	INTO UNICA_TEMP.XMP_MESSAGE_CHANNEL VALUES	(20175,'Y','Y','N','N','2019-11-10','2099-12-31'); 
INSERT	INTO UNICA_TEMP.XMP_MESSAGE_CHANNEL VALUES	(20185,'Y','Y','N','N','2019-11-10','2099-12-31'); 

--MAPPING MESSAGE / SEGMENT
SEL * FROM UNICA_TEMP.XMP_MAP_SEGMENT_MESSAGE;
INSERT	INTO UNICA_TEMP.XMP_MAP_SEGMENT_MESSAGE VALUES	(2110,20005,'2019-11-05','2099-12-31'); 
INSERT	INTO UNICA_TEMP.XMP_MAP_SEGMENT_MESSAGE VALUES	(2110,20015,'2019-11-05','2099-12-31'); 
INSERT	INTO UNICA_TEMP.XMP_MAP_SEGMENT_MESSAGE VALUES	(2110,20025,'2019-11-05','2099-12-31'); 
INSERT	INTO UNICA_TEMP.XMP_MAP_SEGMENT_MESSAGE VALUES	(2110,20035,'2019-11-05','2099-12-31'); 
INSERT	INTO UNICA_TEMP.XMP_MAP_SEGMENT_MESSAGE VALUES	(2110,20045,'2019-11-05','2099-12-31'); 
INSERT	INTO UNICA_TEMP.XMP_MAP_SEGMENT_MESSAGE VALUES	(2110,20055,'2019-11-05','2099-12-31'); 
INSERT	INTO UNICA_TEMP.XMP_MAP_SEGMENT_MESSAGE VALUES	(2110,20065,'2019-11-05','2099-12-31'); 
INSERT	INTO UNICA_TEMP.XMP_MAP_SEGMENT_MESSAGE VALUES	(2110,20075,'2019-11-05','2099-12-31'); 
INSERT	INTO UNICA_TEMP.XMP_MAP_SEGMENT_MESSAGE VALUES	(2110,20085,'2019-11-05','2099-12-31'); 
INSERT	INTO UNICA_TEMP.XMP_MAP_SEGMENT_MESSAGE VALUES	(2110,20095,'2019-11-05','2099-12-31'); 
INSERT	INTO UNICA_TEMP.XMP_MAP_SEGMENT_MESSAGE VALUES	(2110,20105,'2019-11-05','2099-12-31');
INSERT	INTO UNICA_TEMP.XMP_MAP_SEGMENT_MESSAGE VALUES	(2110,20115,'2019-11-05','2099-12-31'); 
INSERT	INTO UNICA_TEMP.XMP_MAP_SEGMENT_MESSAGE VALUES	(2110,20125,'2019-11-05','2099-12-31'); 
INSERT	INTO UNICA_TEMP.XMP_MAP_SEGMENT_MESSAGE VALUES	(2110,20135,'2019-11-05','2099-12-31'); 
INSERT	INTO UNICA_TEMP.XMP_MAP_SEGMENT_MESSAGE VALUES	(2110,20145,'2019-11-05','2099-12-31'); 
INSERT	INTO UNICA_TEMP.XMP_MAP_SEGMENT_MESSAGE VALUES	(2110,20155,'2019-11-05','2099-12-31'); 
INSERT	INTO UNICA_TEMP.XMP_MAP_SEGMENT_MESSAGE VALUES	(2110,20165,'2019-11-05','2099-12-31'); 
INSERT	INTO UNICA_TEMP.XMP_MAP_SEGMENT_MESSAGE VALUES	(2110,20175,'2019-11-05','2099-12-31'); 
INSERT	INTO UNICA_TEMP.XMP_MAP_SEGMENT_MESSAGE VALUES	(2110,20185,'2019-11-05','2099-12-31'); 

INSERT	INTO UNICA_TEMP.XMP_MAP_SEGMENT_MESSAGE VALUES	(2120,20005,'2019-11-05','2099-12-31'); 
INSERT	INTO UNICA_TEMP.XMP_MAP_SEGMENT_MESSAGE VALUES	(2120,20015,'2019-11-05','2099-12-31'); 
INSERT	INTO UNICA_TEMP.XMP_MAP_SEGMENT_MESSAGE VALUES	(2120,20025,'2019-11-05','2099-12-31'); 
INSERT	INTO UNICA_TEMP.XMP_MAP_SEGMENT_MESSAGE VALUES	(2120,20035,'2019-11-05','2099-12-31'); 
INSERT	INTO UNICA_TEMP.XMP_MAP_SEGMENT_MESSAGE VALUES	(2120,20045,'2019-11-05','2099-12-31'); 
INSERT	INTO UNICA_TEMP.XMP_MAP_SEGMENT_MESSAGE VALUES	(2120,20055,'2019-11-05','2099-12-31'); 
INSERT	INTO UNICA_TEMP.XMP_MAP_SEGMENT_MESSAGE VALUES	(2120,20065,'2019-11-05','2099-12-31'); 
INSERT	INTO UNICA_TEMP.XMP_MAP_SEGMENT_MESSAGE VALUES	(2120,20075,'2019-11-05','2099-12-31'); 
INSERT	INTO UNICA_TEMP.XMP_MAP_SEGMENT_MESSAGE VALUES	(2120,20085,'2019-11-05','2099-12-31'); 
INSERT	INTO UNICA_TEMP.XMP_MAP_SEGMENT_MESSAGE VALUES	(2120,20095,'2019-11-05','2099-12-31'); 
INSERT	INTO UNICA_TEMP.XMP_MAP_SEGMENT_MESSAGE VALUES	(2120,20105,'2019-11-05','2099-12-31');
INSERT	INTO UNICA_TEMP.XMP_MAP_SEGMENT_MESSAGE VALUES	(2120,20115,'2019-11-05','2099-12-31'); 
INSERT	INTO UNICA_TEMP.XMP_MAP_SEGMENT_MESSAGE VALUES	(2120,20125,'2019-11-05','2099-12-31'); 
INSERT	INTO UNICA_TEMP.XMP_MAP_SEGMENT_MESSAGE VALUES	(2120,20135,'2019-11-05','2099-12-31'); 
INSERT	INTO UNICA_TEMP.XMP_MAP_SEGMENT_MESSAGE VALUES	(2120,20145,'2019-11-05','2099-12-31'); 
INSERT	INTO UNICA_TEMP.XMP_MAP_SEGMENT_MESSAGE VALUES	(2120,20155,'2019-11-05','2099-12-31'); 
INSERT	INTO UNICA_TEMP.XMP_MAP_SEGMENT_MESSAGE VALUES	(2120,20165,'2019-11-05','2099-12-31'); 
INSERT	INTO UNICA_TEMP.XMP_MAP_SEGMENT_MESSAGE VALUES	(2120,20175,'2019-11-05','2099-12-31'); 
INSERT	INTO UNICA_TEMP.XMP_MAP_SEGMENT_MESSAGE VALUES	(2120,20185,'2019-11-05','2099-12-31'); 

INSERT	INTO UNICA_TEMP.XMP_MAP_SEGMENT_MESSAGE VALUES	(2010,20140,'2019-11-10','2099-12-31'); 
INSERT	INTO UNICA_TEMP.XMP_MAP_SEGMENT_MESSAGE VALUES	(2010,20150,'2019-11-10','2099-12-31'); 
INSERT	INTO UNICA_TEMP.XMP_MAP_SEGMENT_MESSAGE VALUES	(2010,20160,'2019-12-02','2099-12-31'); 
INSERT	INTO UNICA_TEMP.XMP_MAP_SEGMENT_MESSAGE VALUES	(2010,20170,'2019-12-10','2099-12-31'); 
INSERT	INTO UNICA_TEMP.XMP_MAP_SEGMENT_MESSAGE VALUES	(2010,20180,'2019-12-10','2099-12-31'); 
INSERT	INTO UNICA_TEMP.XMP_MAP_SEGMENT_MESSAGE VALUES	(2010,20190,'2019-12-10','2099-12-31'); 

--UNICA_TEMP.DE_FM_MESSAGE_DAILY_STG
CREATE MULTISET TABLE UNICA_TEMP.DE_FM_RALLY_MESSAGE_STG ,NO FALLBACK ,
     NO BEFORE JOURNAL,
     NO AFTER JOURNAL,
     CHECKSUM = DEFAULT,
     DEFAULT MERGEBLOCKRATIO
     (
      PRIMARY_USER_ID DECIMAL(18,0) NOT NULL,
      DEMO_USER_ID DECIMAL(18,0) NOT NULL,    
	AUD_ID  INTEGER NOT NULL,
	SEGM_ID  INTEGER NOT NULL,
	MSG_ID INTEGER NOT NULL,
	JOURNEY_ID INTEGER,
	SEQUENCE INTEGER,
	PRIORITY INTEGER,
	EXCL_GRP_ID INTEGER,
	EM_CHANNEL VARCHAR(1) CHARACTER SET LATIN NOT CASESPECIFIC,
	MC_CHANNEL VARCHAR(1) CHARACTER SET LATIN NOT CASESPECIFIC,
	OM_CHANNEL VARCHAR(1) CHARACTER SET LATIN NOT CASESPECIFIC,
	PN_CHANNEL VARCHAR(1) CHARACTER SET LATIN NOT CASESPECIFIC,
	HERO_MESSAGE_YN VARCHAR(1) CHARACTER SET LATIN NOT CASESPECIFIC,
	MESSAGE2_YN VARCHAR(1) CHARACTER SET LATIN NOT CASESPECIFIC,
	MESSAGE3_YN VARCHAR(1) CHARACTER SET LATIN NOT CASESPECIFIC,
	MESSAGE4_YN VARCHAR(1) CHARACTER SET LATIN NOT CASESPECIFIC,
	MESSAGE5_YN VARCHAR(1) CHARACTER SET LATIN NOT CASESPECIFIC,
	MESSAGE6_YN VARCHAR(1) CHARACTER SET LATIN NOT CASESPECIFIC,
	EXCLUDE_REASON_CD SMALLINT,
	DATA_DATE DATE FORMAT 'YYYY-MM-DD' NOT NULL
      )
UNIQUE PRIMARY INDEX (PRIMARY_USER_ID ,AUD_ID,SEGM_ID,MSG_ID);


-- DROP TABLE UNICA_TEMP.DE_FM_RALLY_TARGETING_EM_STG
CREATE MULTISET TABLE UNICA_TEMP.DE_FM_RALLY_TARGETING_EM_STG ,NO FALLBACK ,
     NO BEFORE JOURNAL,
     NO AFTER JOURNAL,
     CHECKSUM = DEFAULT,
     DEFAULT MERGEBLOCKRATIO
     (
      PRIMARY_USER_ID DECIMAL(18,0) NOT NULL,
      DEMO_USER_ID DECIMAL(18,0) NOT NULL,    
	AUD_ID  INTEGER NOT NULL,
	SEGM_ID  INTEGER NOT NULL,
	JOURNEY_ID INTEGER,
	SEQUENCE INTEGER,
	HERO_MESSAGE INTEGER,
	MESSAGE2 INTEGER,
	MESSAGE3 INTEGER,
	EXCLUDE_REASON_CD SMALLINT,
	POINTS INTEGER,
	REWARDS_DATE VARCHAR(15) CHARACTER SET LATIN NOT CASESPECIFIC NOT NULL, --DATE FORMAT 'YYYY-MM-DD' ,
	TC VARCHAR(1) CHARACTER SET LATIN NOT CASESPECIFIC,
	CH_EMAIL_YN VARCHAR(1) CHARACTER SET LATIN NOT CASESPECIFIC NOT NULL,
	CH_MC_YN VARCHAR(1) CHARACTER SET LATIN NOT CASESPECIFIC NOT NULL,
	DATA_DATE DATE FORMAT 'YYYY-MM-DD' NOT NULL
      )
UNIQUE PRIMARY INDEX (PRIMARY_USER_ID);

drop TABLE UNICA_TEMP.DE_FM_TARGETING_DAILY_EM;
CREATE MULTISET TABLE UNICA_TEMP.DE_FM_TARGETING_DAILY_EM ,NO FALLBACK ,
     NO BEFORE JOURNAL,
     NO AFTER JOURNAL,
     CHECKSUM = DEFAULT,
     DEFAULT MERGEBLOCKRATIO
     (
      PRIMARY_USER_ID DECIMAL(18,0) NOT NULL,
      DEMO_USER_ID DECIMAL(18,0) NOT NULL,    
	AUD_ID  INTEGER NOT NULL,
	AUD_NAME VARCHAR(35) CHARACTER SET LATIN NOT CASESPECIFIC NOT NULL,
	SEGM_ID  INTEGER NOT NULL,
	SEGM_NAME VARCHAR(35) CHARACTER SET LATIN NOT CASESPECIFIC NOT NULL,
	JOURNEY_ID INTEGER,
	SEQUENCE INTEGER,
	HERO_MESSAGE INTEGER,
	MESSAGE2 INTEGER,
	MESSAGE3 INTEGER,
	MESSAGE4 INTEGER,
	MESSAGE5 INTEGER,
	MESSAGE6 INTEGER,
	PLUS_POINTS INTEGER,
	REWARDS_DATE DATE FORMAT 'YYYY-MM-DD' ,
	TC VARCHAR(1) CHARACTER SET LATIN NOT CASESPECIFIC,
	DATA_DATE DATE FORMAT 'YYYY-MM-DD' NOT NULL
      )
UNIQUE PRIMARY INDEX (PRIMARY_USER_ID);

